{
    "x": 310.2840881347656,
    "y": 96.84476470947266,
    "z": 6.1788153648376465,
    "r": 25.886564254760742,
    "j1": 17.333999633789062,
    "j2": 49.29750061035156,
    "j3": 37.91999816894531,
    "j4": 8.55256462097168,
    "mode": "linear",
    "actuator": "off"
}