{
    "x": 274.7388610839844,
    "y": -98.17340850830078,
    "z": -26.32740592956543,
    "r": 10.741327285766602,
    "j1": -19.66351318359375,
    "j2": 49.81949996948242,
    "j3": 55.875,
    "j4": 30.40484046936035,
    "mode": "linear",
    "actuator": "off"
}