{
    "x": 366.6796569824219,
    "y": 98.35770416259766,
    "z": -17.3599910736084,
    "r": 23.746368408203125,
    "j1": 15.01547908782959,
    "j2": 76.51364135742188,
    "j3": 20.19510269165039,
    "j4": 8.730889320373535,
    "mode": "linear",
    "actuator": "off"
}