{
    "x": 242.6234588623047,
    "y": 11.495942115783691,
    "z": 148.57864379882812,
    "r": 91.11759185791016,
    "j1": 2.712749719619751,
    "j2": -0.02250000089406967,
    "j3": 1.4100004434585571,
    "j4": 88.40483856201172,
    "mode": "linear",
    "actuator": "off"
}