{
    "x": 272.3025817871094,
    "y": 72.0166244506836,
    "z": -36.38304901123047,
    "r": 22.250802993774414,
    "j1": 14.81399917602539,
    "j2": 51.22350311279297,
    "j3": 61.433998107910156,
    "j4": 7.436803817749023,
    "mode": "linear",
    "actuator": "off"
}