{
    "x": 361.5461730957031,
    "y": -60.43895721435547,
    "z": 60.30772018432617,
    "r": -10.035003662109375,
    "j1": -9.49026870727539,
    "j2": 56.56437301635742,
    "j3": 8.409344673156738,
    "j4": -0.5447349548339844,
    "mode": "linear",
    "actuator": "off"
}