{
    "x": 272.3025817871094,
    "y": 72.0166244506836,
    "z": 53.617034912109375,
    "r": 22.250802993774414,
    "j1": 14.813998222351074,
    "j2": 25.264801025390625,
    "j3": 33.80216979980469,
    "j4": 7.43680477142334,
    "mode": "linear",
    "actuator": "off"
}