{
    "x": 326.10101318359375,
    "y": -0.10243481397628784,
    "z": 149.21969604492188,
    "r": -0.01799774169921875,
    "j1": -0.01799774169921875,
    "j2": 34.650001525878906,
    "j3": -9.787500381469727,
    "j4": 0.0,
    "mode": "linear",
    "actuator": "off"
}