{
    "x": 341.5461120605469,
    "y": -60.43896484375,
    "z": -49.69231414794922,
    "r": -10.035003662109375,
    "j1": -10.035003662109375,
    "j2": 70.64550018310547,
    "j3": 41.507999420166016,
    "j4": 0.0,
    "mode": "linear",
    "actuator": "off"
}