{
    "x": 242.6234130859375,
    "y": 11.495940208435059,
    "z": 152.57862854003906,
    "r": 11.117591857910156,
    "j1": 2.712749719619751,
    "j2": -0.03974151611328125,
    "j3": -0.11802570521831512,
    "j4": 8.404842376708984,
    "mode": "linear",
    "actuator": "off"
}