{
    "x": 242.6234588623047,
    "y": 11.495942115783691,
    "z": 3.5786354541778564,
    "r": 11.117591857910156,
    "j1": 2.712749719619751,
    "j2": 29.477928161621094,
    "j3": 59.521419525146484,
    "j4": 8.404842376708984,
    "mode": "linear",
    "actuator": "off"
}