{
    "x": 242.6234588623047,
    "y": 11.495942115783691,
    "z": 177.57861328125,
    "r": 11.117591857910156,
    "j1": 2.712749719619751,
    "j2": 0.7825393676757812,
    "j3": -9.719200134277344,
    "j4": 8.404842376708984,
    "mode": "linear",
    "actuator": "off"
}