{
    "x": 272.3221740722656,
    "y": -89.61927795410156,
    "z": 61.96244430541992,
    "r": 52.18883514404297,
    "j1": -18.216005325317383,
    "j2": 25.15953826904297,
    "j3": 29.98863410949707,
    "j4": 70.40483856201172,
    "mode": "linear",
    "actuator": "on"
}
