{
    "x": 272.3221740722656,
    "y": -89.61927795410156,
    "z": -38.037540435791016,
    "r": 52.18883514404297,
    "j1": -18.216005325317383,
    "j2": 52.6454963684082,
    "j3": 60.2400016784668,
    "j4": 70.40483856201172,
    "mode": "linear",
    "actuator": "off"
}