{
    "x": 272.3221435546875,
    "y": -89.61927032470703,
    "z": 61.962459564208984,
    "r": 52.18883514404297,
    "j1": -18.216005325317383,
    "j2": 25.159530639648438,
    "j3": 29.98863410949707,
    "j4": 70.40483856201172,
    "mode": "linear",
    "actuator": "off"
}