{
    "x": 273.1051940917969,
    "y": 103.00177764892578,
    "z": 61.27745056152344,
    "r": 11.068836212158203,
    "j1": 20.66399574279785,
    "j2": 27.018070220947266,
    "j3": 29.35294532775879,
    "j4": -9.595159530639648,
    "mode": "linear",
    "actuator": "off"
}