{
    "x": 273.105224609375,
    "y": 103.00178527832031,
    "z": -39.722572326660156,
    "r": 11.068836212158203,
    "j1": 20.66399574279785,
    "j2": 54.21578598022461,
    "j3": 59.02505111694336,
    "j4": -9.595159530639648,
    "mode": "linear",
    "actuator": "on"
}