{
    "x": 273.105224609375,
    "y": 103.00177764892578,
    "z": 61.277435302734375,
    "r": 11.068836212158203,
    "j1": 20.66399383544922,
    "j2": 27.01807403564453,
    "j3": 29.352951049804688,
    "j4": -9.595157623291016,
    "mode": "linear",
    "actuator": "on"
}