{
    "x": 271.0225830078125,
    "y": -116.642333984375,
    "z": -36.741966247558594,
    "r": 15.118831634521484,
    "j1": -23.2860107421875,
    "j2": 53.842464447021484,
    "j3": 57.34022521972656,
    "j4": 38.404842376708984,
    "mode": "linear",
    "actuator": "off"
}