{
    "x": 271.0226135253906,
    "y": -116.64234924316406,
    "z": 63.258018493652344,
    "r": 15.118831634521484,
    "j1": -23.2860107421875,
    "j2": 27.693103790283203,
    "j3": 28.077495574951172,
    "j4": 38.404842376708984,
    "mode": "linear",
    "actuator": "off"
}