{
    "x": 274.2970275878906,
    "y": 123.5128402709961,
    "z": 62.96729278564453,
    "r": 62.646339416503906,
    "j1": 24.241497039794922,
    "j2": 29.704116821289062,
    "j3": 27.1313533782959,
    "j4": 38.404842376708984,
    "mode": "linear",
    "actuator": "off"
}