{
    "x": 269.2758483886719,
    "y": 64.95316314697266,
    "z": 62.83010482788086,
    "r": 43.966339111328125,
    "j1": 13.561495780944824,
    "j2": 21.839767456054688,
    "j3": 31.279218673706055,
    "j4": 30.404842376708984,
    "mode": "linear",
    "actuator": "on"
}