{
    "x": 275.2149353027344,
    "y": 59.76884460449219,
    "z": -36.09809112548828,
    "r": 12.252750396728516,
    "j1": 12.2527494430542,
    "j2": 51.104759216308594,
    "j3": 61.3642692565918,
    "j4": 9.5367431640625e-07,
    "mode": "linear",
    "actuator": "on"
}