{
    "x": 274.2970275878906,
    "y": 123.5128402709961,
    "z": -37.03270721435547,
    "r": 62.646339416503906,
    "j1": 24.241497039794922,
    "j2": 55.16550064086914,
    "j3": 55.619998931884766,
    "j4": 38.404842376708984,
    "mode": "linear",
    "actuator": "on"
}