{
    "x": 271.4568786621094,
    "y": -133.6271209716797,
    "z": 65.01151275634766,
    "r": -27.80429458618164,
    "j1": -26.209138870239258,
    "j2": 29.909854888916016,
    "j3": 26.043975830078125,
    "j4": -1.5951557159423828,
    "mode": "linear",
    "actuator": "on"
}