{
    "x": 271.4568786621094,
    "y": -133.6271209716797,
    "z": -34.98848342895508,
    "r": -27.80429458618164,
    "j1": -26.209136962890625,
    "j2": 54.83250045776367,
    "j3": 54.57600402832031,
    "j4": -1.5951576232910156,
    "mode": "linear",
    "actuator": "off"
}