{
    "x": 249.5355224609375,
    "y": 8.208168983459473,
    "z": 144.72366333007812,
    "r": 0.2888364791870117,
    "j1": 1.8839960098266602,
    "j2": 2.617499589920044,
    "j3": 2.8050005435943604,
    "j4": -1.5951595306396484,
    "mode": "linear",
    "actuator": "off"
}