{
    "x": 275.2149353027344,
    "y": 59.76884460449219,
    "z": 63.90190124511719,
    "r": 12.252750396728516,
    "j1": 12.2527494430542,
    "j2": 23.14374542236328,
    "j3": 30.17487335205078,
    "j4": 9.5367431640625e-07,
    "mode": "linear",
    "actuator": "on"
}