{
    "x": 269.2757873535156,
    "y": 64.9531478881836,
    "z": -37.16987991333008,
    "r": 43.966339111328125,
    "j1": 13.56149673461914,
    "j2": 50.66999816894531,
    "j3": 63.05399703979492,
    "j4": 30.404842376708984,
    "mode": "linear",
    "actuator": "on"
}