{
    "x": 265.411865234375,
    "y": -79.7385482788086,
    "z": 68.71784210205078,
    "r": 13.68282699584961,
    "j1": -16.722015380859375,
    "j2": 20.71660614013672,
    "j3": 29.097301483154297,
    "j4": 30.404842376708984,
    "mode": "linear",
    "actuator": "on"
}