{
    "x": 265.41192626953125,
    "y": -79.73856353759766,
    "z": -36.28215789794922,
    "r": 13.68282699584961,
    "j1": -16.722015380859375,
    "j2": 50.34388732910156,
    "j3": 62.76425552368164,
    "j4": 30.404842376708984,
    "mode": "linear",
    "actuator": "off"
}