{
    "x": 270.4666442871094,
    "y": -73.87712860107422,
    "z": 64.57215881347656,
    "r": 40.127346992492676,
    "j1": -15.277495384216309,
    "j2": 22.58171844482422,
    "j3": 30.09848976135254,
    "j4": 30.404842376708984,
    "mode": "linear",
    "actuator": "on"
}