{
    "x": 270.4666442871094,
    "y": -73.87713623046875,
    "z": -35.4278450012207,
    "r": 40.12734603881836,
    "j1": -15.277496337890625,
    "j2": 50.61750030517578,
    "j3": 61.560001373291016,
    "j4": 30.404842376708984,
    "mode": "linear",
    "actuator": "off"
}