{
    "x": 270.4666442871094,
    "y": -73.87712097167969,
    "z": 64.57215881347656,
    "r": 40.12734603881836,
    "j1": -15.277493476867676,
    "j2": 22.58171844482422,
    "j3": 30.09848976135254,
    "j4": 55.40483856201172,
    "mode": "linear",
    "actuator": "off"
}