{
    "x": 272.7662658691406,
    "y": 87.72797393798828,
    "z": -37.223941802978516,
    "r": 48.23384094238281,
    "j1": 17.828996658325195,
    "j2": 52.39352035522461,
    "j3": 60.13497543334961,
    "j4": 30.404844284057617,
    "mode": "linear",
    "actuator": "on"
}