{
    "x": 272.7662658691406,
    "y": 87.72798156738281,
    "z": 62.776065826416016,
    "r": 48.23384094238281,
    "j1": 17.82900047302246,
    "j2": 24.97930908203125,
    "j3": 29.785858154296875,
    "j4": 30.40484046936035,
    "mode": "linear",
    "actuator": "on"
}